variable,count,mean,std,min,25%,50%,75%,max,original
dummy1,1000.0,-3.3836193928557775e-05,0.009145972618087805,-0.0308479782243915,-0.005982082515003175,-1.1511907707095759e-06,0.005989755486219675,0.0255052852261101,-0.0101624782123828
dummy2,1000.0,0.00024214701291731567,0.0092925701330463,-0.0272438422006988,-0.005866776339186825,4.173519267602899e-05,0.006758512118643975,0.027388529676287,0.0081652323231651
x1,1000.0,-0.008939691871012595,2.9873355838151077,-7.580428326364096,-2.021649014249915,0.020322339360822,1.902667743153461,28.203538641478424,28.203538641478424
x2,1000.0,0.11260902653117782,7.839567661805044,-23.200434969350965,-4.845002122270398,-0.0579408888638124,5.202865637814162,75.04927580270814,75.04927580270814
x3,1000.0,0.005191324243072657,1.9598666859936595,-6.2628454600412535,-1.2215329673362438,0.01198800500647315,1.2838820431514408,17.753554421149644,17.753554421149644
